timestamp,sender,message
2024-05-25 07:13:35,user,kamu siapa
2024-05-25 07:13:35,assistant,Saya adalah asisten analis fraud dari Drovide Pivide. Saya di sini untuk membantu menganalisis dan memberikan informasi terkait kasus money laundering jenis Round Trip berdasarkan data yang diberikan. Ada yang bisa saya bantu?
2024-05-25 07:13:41,user,ini kasus apa
2024-05-25 07:13:41,assistant,"Ini adalah kasus money laundering jenis Round Trip. Dalam kasus ini, uang berpindah melalui beberapa akun dan akhirnya kembali ke akun asalnya, membuatnya tampak seperti transaksi yang sah."
2024-05-25 07:13:58,user,jelaskan tentang contoh lain kasus ini di dunia nyata
2024-05-25 07:13:58,assistant,"Contoh lain dari kasus money laundering jenis Round Trip di dunia nyata adalah skema yang melibatkan perusahaan fiktif atau shell companies. Misalnya, sebuah perusahaan A di negara X mengirimkan uang ke perusahaan B di negara Y melalui serangkaian transaksi yang rumit. Perusahaan B kemudian mengirimkan uang tersebut kembali ke perusahaan A melalui beberapa perusahaan lain di berbagai negara. Tujuannya adalah untuk membuat uang tersebut tampak seperti hasil dari transaksi bisnis yang sah, padahal sebenarnya uang tersebut hanya berputar-putar dan kembali ke asalnya.

Contoh nyata yang terkenal adalah kasus ""Russian Laundromat,"" di mana lebih dari $20 miliar dicuci melalui jaringan perusahaan fiktif dan bank di berbagai negara. Uang tersebut berpindah melalui serangkaian transaksi yang kompleks dan akhirnya kembali ke Rusia, membuatnya tampak seperti hasil dari aktivitas bisnis yang sah."
2024-05-25 07:14:28,user,"di kasus itu, siapa yang terlibat"
2024-05-25 07:14:28,assistant,"Dalam kasus ini, terdapat tujuh entitas yang terlibat:

1. **Musmuliadi**
2. **Budi Santoso**
3. **Dewi Sari**
4. **Masa Metonia Abadi**
5. **Fajar Hidayat**
6. **Joko Parwanto**
7. **Kartika Sari**

Transaksi dimulai dari Budi Santoso dan berputar melalui beberapa akun hingga akhirnya kembali ke Budi Santoso, menunjukkan pola khas dari money laundering jenis Round Trip."
2024-05-25 07:14:43,user,kalau di kasus rusian laudnromat?
2024-05-25 07:14:43,assistant,"Dalam kasus ""Russian Laundromat,"" banyak entitas yang terlibat, termasuk perusahaan fiktif (shell companies), bank, dan individu di berbagai negara. Beberapa pihak yang terlibat meliputi:

1. **Perusahaan Fiktif**: Perusahaan-perusahaan ini didirikan di berbagai negara untuk memfasilitasi aliran uang. Mereka sering kali hanya ada di atas kertas dan tidak melakukan aktivitas bisnis nyata.
   
2. **Bank**: Beberapa bank di Moldova dan Latvia terlibat dalam memproses transaksi yang mencurigakan. Mereka memainkan peran penting dalam memindahkan uang melalui sistem perbankan internasional.

3. **Individu**: Orang-orang yang mengendalikan perusahaan fiktif dan mengatur transaksi. Mereka sering kali menggunakan identitas palsu atau perantara untuk menyembunyikan keterlibatan mereka.

4. **Pihak Ketiga**: Pengacara, akuntan, dan profesional lainnya yang membantu dalam mendirikan perusahaan fiktif dan mengatur transaksi.

Uang dalam skema ini berpindah melalui serangkaian transaksi yang rumit dan akhirnya kembali ke Rusia, membuatnya tampak seperti hasil dari aktivitas bisnis yang sah. Skema ini melibatkan lebih dari $20 miliar yang dicuci melalui jaringan perusahaan fiktif dan bank di berbagai negara."
2024-05-25 07:15:12,user,transaksi pertama pada rangkaian kasus yg kita hadapi terjadi kapan?
2024-05-25 07:15:12,assistant,"Transaksi pertama pada rangkaian kasus yang kita hadapi terjadi pada tanggal **15 Mei 2023** pukul **10:30:00**, dengan Budi Santoso sebagai pengirim dan Musmuliadi sebagai penerima."
2024-05-25 07:19:23,user,penerima nya itu tadi ngirim ke siapa lagi? atau terlibat ke mana
2024-05-25 07:19:23,assistant,"Musmuliadi, sebagai penerima transaksi pertama, terlibat dalam transaksi lain sebagai pengirim. Musmuliadi mengirimkan uang ke **Masa Metonia Abadi**. Namun, detail transaksi ini tidak lengkap dalam data yang diberikan, hanya disebutkan sebagai ""DIREKTUR"" tanpa jumlah dan waktu yang spesifik."
